Ship,BSGO,Accord,Swarm,Level Requirement,Purchase Hydrogen,Purchase Topes,Purchase Valour,Class,Role,W Slots,H Slots,E Slots,C Slots,Hull Points,Hull Recovery/S,Repair Cost (Iron),Armor,Critical Defense,Avoidance,Turning Speed (deg/s),Turning Accel (deg/s2),Inertial Comp (m/s),Acceleration (m/s2),Speed (m/s),Boost Speed (m/s),Boost Cost (H2/s),FTL Range (LY),FTL Charge (s),FTL Cost (H2/LY),Power,Power Recharge/S,Firewall,Emitter,Sensor Range (m),Visual Range (m),
patrol_support,Raptor,Pilotfish,Oxpecker,1,75000,,,Patrol,Support,3,2,2,4,500,3,5000,5,100,500,47.5,47.5,100,10,52.5,77.5,0.6,5.5,15,30,150,5.5,200,200,3000,500,
patrol_support advanced,Advanced Raptor,,,,,30000,,,,4,2,2,5,650,5,10000,,,,,,,,,,,,,,175,6,,,,,
patrol_assault,Rhino,Piranha,Shrike,1,,36000,,Patrol,Assault,4,5,2,2,715,5.5,11000,10,120,490,45,45,100,8,50,75,0.7,5,15,30,150,5,150,150,2500,250,
patrol_assault advanced,Advanced Rhino,,,,,40000,,,,5,5,2,2,750,,,,,,,,,,,,,,,,,,,,,,
patrol_tactical,Viper VII,Anglerfish,Kingfisher,1,,45000,,Patrol,Tactical,4,3,3,3,585,4.5,9000,5,80,510,50,55,100,12,55,85,0.75,4.5,15,30,150,5,100,100,2000,200,
patrol_tactical advanced,Advanced Viper VII,,,,,,30000,,,5,3,3,3,720,5.25,,,,,,,,,,,,,,,,6,,,,,
patrol_interceptor,Viper II,Sardine,Hummingbird,1,,,,Patrol,Interceptor,3,2,4,2,450,2.5,4500,5,80,510,52,55,175,13.5,55,90,0.5,4.5,15,20,100,5,100,100,2000,200,
patrol_interceptor advanced,Advanced Viper II,,,,,30000,,,,4,2,5,2,585,4.5,9000,,,,55,,,16.2,60,110,,,,,150,,,,,,
patrol_scout,Viper III,,,1,,23000,,Patrol,Scout,3,3,3,2,515,3.5,4500,5,80,510,51,55,100,14,55,100,0.5,4.5,15,30,100,5.2,100,100,2000,200,
patrol_scout advanced,Advanced Viper III,,,,,30000,,,,4,3,4,2,680,5,9000,,,,52.5,,,,57.5,,,,,,150,5.5,,,,,
